<Driver Description="" MainClass="driver.HuaweicloudDriver" Name="HuaweicloudDriver" Version="1.0.0">
    <Layout>
        <Category Name="Connectivity">
            <Command Description="" DisplayName="Apply Connectivity Changes" Name="ApplyConnectivityChanges" Tags="allow_unreserved" />
            <Command Description="" DisplayName="Refresh IP" EnableCancellation="true" Name="remote_refresh_ip" Tags="remote_connectivity,allow_shared" />
        </Category>
        <Category Name="Hidden Commands">
            <Command Description="" DisplayName="Power Cycle" Name="PowerCycle" Tags="power" />
            <Command Description="" DisplayName="Delete Instance" Name="DeleteInstance" Tags="remote_app_management,allow_shared" />
            <Command Description="" DisplayName="Deploy" Name="Deploy" Tags="allow_unreserved" />
            <Command Description="" DisplayName="Set App Security Groups" Name="SetAppSecurityGroups" Tags="allow_unreserved" />
        </Category>
        <Category Name="Power">
            <Command Description="" DisplayName="Power On" Name="PowerOn" Tags="power" />
            <Command Description="" DisplayName="Power Off" Name="PowerOff" Tags="power" />
        </Category>
    </Layout>
</Driver>