{
  "driverRequest": {
    "actions": [
      {
        "actionParams": {
          "appName": "HWC_Windows",
          "deployment": {
            "deploymentPath": "Huaweicloud.HWC_deploy_from_image",
            "attributes": [
              {
                "attributeName": "Huaweicloud.HWC_deploy_from_image.Autoload",
                "attributeValue": "True",
                "type": "attribute"
              },
              {
                "attributeName": "Huaweicloud.HWC_deploy_from_image.Wait for IP",
                "attributeValue": "True",
                "type": "attribute"
              },
              {
                "attributeName": "Huaweicloud.HWC_deploy_from_image.image",
                "attributeValue": "Windows Server 2008 R2 Standard 64bit English",
                "type": "attribute"
              },
              {
                "attributeName": "Huaweicloud.HWC_deploy_from_image.EIP",
                "attributeValue": "True",
                "type": "attribute"
              },
              {
                "attributeName": "Huaweicloud.HWC_deploy_from_image.flavour",
                "attributeValue": "s2.large.2",
                "type": "attribute"
              }
            ],
            "type": "deployAppDeploymentInfo"
          },
          "appResource": {
            "attributes": [
              {
                "attributeName": "Password",
                "attributeValue": "3M3u7nkDzxWb0aJ/IZYeWw==",
                "type": "attribute"
              },
              {
                "attributeName": "Public IP",
                "attributeValue": "",
                "type": "attribute"
              },
              {
                "attributeName": "User",
                "attributeValue": "",
                "type": "attribute"
              }
            ],
            "type": "appResourceInfo"
          },
          "type": "deployAppParams"
        },
        "actionId": "9749aeb2-38e2-43e6-9623-c675c3a49407",
        "type": "deployApp"
      }
    ]
  }
}

